{"train": [0.5260734111799578, 0.5128347726770248, 0.4990571269171249, 0.49035240338959274, 0.480490958240644, 0.4745301041845263, 0.470681645208715, 0.46389084939219655, 0.45447325495457686, 0.4517976665443111, 0.4440715618327929, 0.4420102626486749, 0.43776170948678456, 0.43565877483262905, 0.42991383208748885, 0.4286472200908075, 0.42547080658156106, 0.424659462012462, 0.4227532125839163, 0.4193804405034017, 0.4149791439528657, 0.4146801942662766, 0.4124731659201487, 0.40962887242981666, 0.4090884697298258, 0.4057225468348973, 0.40438729045355887, 0.40420094540226537, 0.40348469395475844, 0.40147188155963676, 0.39887461499335863, 0.39877756676166454, 0.39662895246133084, 0.39547939559042805, 0.39469897205293136, 0.39215393755572275, 0.39015354973132116, 0.39004320222347666, 0.38939509246607756, 0.38909236428453, 0.3868026233668263, 0.38517410542323677, 0.38511738375797516, 0.3833485420671053, 0.3829150911595604, 0.3826572659356196, 0.3813022847604224, 0.3794112455755274, 0.3792663976337758, 0.3783298908517543, 0.378288605639807, 0.3772991527471015, 0.37575318001227104, 0.3746991527666305, 0.37450721294513556, 0.37445207250192475, 0.3741651081305759, 0.3730627857277875, 0.37255331786171314, 0.3720926698187013, 0.3720117437672901, 0.37120709471939917, 0.3711795617460949, 0.3700003519670793, 0.3698566449262786, 0.3681644096988168, 0.3680788305826262, 0.367419236094434, 0.36659755969881475, 0.36656039124215184, 0.36628121831487187, 0.3657314771099365, 0.3655805254544297, 0.36494200536499105, 0.36491043639857434, 0.3636370450109836, 0.3635839139662777, 0.3633849441121539, 0.36336767487304933, 0.36296331226238915, 0.3623007748459555, 0.36224522588942565, 0.3618752577385248, 0.3615384498421933, 0.36151549068888444, 0.36089388193089267, 0.360768045349794, 0.3604991230953069, 0.3604274057612327, 0.3599116097723322, 0.35987846022387426, 0.35904767359600415, 0.3590356507187784, 0.358864869287886, 0.3586571906807314, 0.3586222257835921, 0.3585644993308247, 0.35836304383531564, 0.3578877142687359, 0.357697897305642], "val": [0.5311475152760228, 0.5171333199505964, 0.5032995451207388, 0.4940494718358785, 0.4842125217195715, 0.4778546939593131, 0.47329881559523457, 0.4666099794346945, 0.45670986865327956, 0.45357172848703264, 0.445404911698978, 0.44300476650028114, 0.43888703023044, 0.43665935595173416, 0.4305485129658566, 0.42901060373206285, 0.4257195166035815, 0.4247120271575035, 0.4227237460330891, 0.4194347713681548, 0.41472438143347584, 0.4145976541436408, 0.41232692397413057, 0.4096339619702075, 0.40895836197281427, 0.4053708336486687, 0.4040308287394298, 0.40395385121542693, 0.4031277701606981, 0.401096784733116, 0.3984456452041016, 0.39842306508538144, 0.39657661709424347, 0.3952702516442747, 0.39450396826527445, 0.39178643195762913, 0.3901526725859369, 0.390110997158369, 0.3894862693975087, 0.389112460704666, 0.38664447437992583, 0.3853556601206495, 0.38535647008441576, 0.3835667023782351, 0.3831658475336108, 0.3828218656899537, 0.38177906737657064, 0.37976488696993693, 0.37968367713138007, 0.37873164890600525, 0.3787383469139614, 0.3778627273214573, 0.37617865112718785, 0.3754032634822081, 0.37515304876664407, 0.37513337259474133, 0.3748633073802336, 0.37376044975549744, 0.37327346305899495, 0.37276790788880115, 0.3727276929871212, 0.3721685515668661, 0.3721775236163389, 0.3708894170454537, 0.3707161858406758, 0.36892860398245275, 0.3687845183754476, 0.3683468633751557, 0.36751945682097176, 0.3675207700416894, 0.36727075037068646, 0.36692756654499276, 0.3667814056443754, 0.36621057812115204, 0.3661999864391061, 0.36485097594035537, 0.3648434476376412, 0.3646537578627859, 0.36466256401019254, 0.36443775560319763, 0.3637256506874728, 0.3636331558297161, 0.36325986291002155, 0.36309169975733163, 0.3630942985567236, 0.3624042411688497, 0.36226975565673164, 0.3621587602443396, 0.36207340907089297, 0.36149641692555046, 0.3614997573838373, 0.360612315774142, 0.36062045007523336, 0.36045428150242764, 0.3602256374611325, 0.36016829136094736, 0.360137082609169, 0.359950417945615, 0.3594350528569415, 0.35938173928131517]}