{"train": [0.16825768349139836, 0.13871851058664308, 0.12810923648333006, 0.12230821995964113, 0.1186417512452033, 0.11595400318213252, 0.11433858808528337, 0.1134074770050482, 0.1128269138796379, 0.11169699724575852, 0.1112348642140085, 0.11058433323872774, 0.11001364143079263, 0.10934674966796791, 0.1088288675882376, 0.10878259635508782, 0.10815062233742889, 0.10802548429960855, 0.10788448133846346, 0.10769540824435321, 0.10752282156957606, 0.10710456033863906, 0.10708355835769977, 0.10699310374013465, 0.10689951977954103, 0.10687859242554758, 0.1067114434042418, 0.10684618537425, 0.10666908647095458, 0.10653972988697626, 0.10642630884966808, 0.10636847806620991, 0.10611831405078771, 0.10594632323636112, 0.1057972353989048, 0.10582182116941818, 0.1058251006647911, 0.10574969593883504, 0.10568178588381405, 0.1055185662725651, 0.10552004184826504, 0.10543346767831042, 0.10541712643747003, 0.10527892284952146, 0.105275733007951, 0.10518273669269482, 0.1050901029912266, 0.1049692353188942, 0.10501438396591752, 0.10507001286635058, 0.10504887352510162, 0.10493949665336832, 0.10487326515444365, 0.10489134289018516, 0.1048134857051283, 0.10470476659418919, 0.10466274949274113, 0.10456663555561173, 0.1045662093567304, 0.10460007924495923, 0.10461850831961923, 0.10456095410835506, 0.10450867386752598, 0.10450462082985212, 0.10450131053087443, 0.10446983118031797, 0.10443303370476945, 0.10442663806166673, 0.10436537420343782, 0.10433287661138112, 0.10432977468015316, 0.10432665625360084, 0.10431916127209646, 0.10432098914390664, 0.10430611781304966, 0.10427192983680314, 0.10422325273930634, 0.10418399868466356, 0.10416615406263231, 0.10413325422998432, 0.10412605146591829, 0.10416019787250481, 0.10411356715754529, 0.10408879321049692, 0.10408021215244756, 0.10407127809751349, 0.1040270943252138, 0.1040531200412035, 0.10401479129796931, 0.10396178894880745, 0.10395774493695795, 0.10397733765085447, 0.10400647453215747, 0.1040109149068823, 0.10400323650731128, 0.10396225881930894, 0.10398748330174654, 0.10399503131648524, 0.10398318133442096, 0.10395804680218271], "val": [0.24460180643897453, 0.2140315984660226, 0.20194704313542602, 0.19586739620526233, 0.19314364975201267, 0.18972278355158234, 0.18766963618141472, 0.18708267841708565, 0.18600455966393042, 0.18514067348907823, 0.18456117698041452, 0.18453757425937922, 0.1842414859675703, 0.1837118581399837, 0.18356619443109912, 0.1833424732988225, 0.18296579585862127, 0.18276622157259045, 0.18236376619019506, 0.1819437953221353, 0.1818485315996147, 0.18182151612094924, 0.181846088575747, 0.18152905831332766, 0.18112615583511213, 0.18103248416030418, 0.1807169323468104, 0.18068833032534007, 0.18072992998167162, 0.18049574813167785, 0.1803666599202458, 0.18030799122432375, 0.18010978535378783, 0.1800552860523889, 0.18004888294951793, 0.18017095604481426, 0.1801632601777667, 0.18012789820202424, 0.18049375973281742, 0.18055514400201925, 0.1804762045291287, 0.18048567786171096, 0.1805099022414641, 0.18029880824059896, 0.18021701049053396, 0.18006496006830763, 0.18002627140779784, 0.17993590650590288, 0.17996827901161913, 0.1800777156011793, 0.17998615946678287, 0.17987618354714247, 0.1798951916077113, 0.1798586329126531, 0.17987222052435395, 0.17986609704296067, 0.1797741299618225, 0.1798771757009166, 0.17973270411364592, 0.1797643593278039, 0.17987426738462342, 0.1798542118850097, 0.1797926899980346, 0.17981957387137446, 0.1798531917319263, 0.1798265872402851, 0.17981947490983, 0.17988115730001908, 0.1798866639205141, 0.1797240277625127, 0.17975515583503315, 0.17966094968993415, 0.17965604198878748, 0.17967101805139024, 0.17961641127963904, 0.1795320898868208, 0.17953371537264146, 0.17945919210573866, 0.1794630841273975, 0.1794582764217397, 0.17946688491540294, 0.1794235407709614, 0.17947435616660026, 0.17948660478115583, 0.1793610527669296, 0.17946450338611927, 0.17943529252847243, 0.17951812060733358, 0.17954336209671895, 0.17957288277725528, 0.17957052256450845, 0.17964007519829372, 0.1796155727275168, 0.1796168225014287, 0.17958156977343023, 0.1795358534867301, 0.17950740721291392, 0.1794715302710614, 0.17936281866055798, 0.1793295248860155]}